Unnamed: 0.3,Unnamed: 0.2,Unnamed: 0.1,Unnamed: 0,Comment,Label,Llama3.1 Not Fine Tuned output,Llama3.1 Fine Tuned output
10942,10942,10942,10942,ALTHOUGH ENGLAND LOST THE MATCH BUT LAMPARD WAS SUPERB ‚ù£Ô∏è‚ù£Ô∏è,Favor,Favor,Neutral
8011,8011,8011,8011,That day the football in the entire world will be free and happy!,Neutral,Neutral,Neutral
11175,11175,11175,11175,Get ready Germans we are sending you back to Berlin!,Favor,Against,Against
8447,8447,8447,8447,because ghost goals are quite big though,Favor,Neutral,Favor
360,360,360,360,Lol capello was celebrating,Favor,Against,Favor
385,385,385,385,apparently the judge put the house on the Germans,Favor,Against,Favor
6851,6851,6851,6851,"If the reff can't see, so what the h*ll was the linesman doing?",Favor,Against,Favor
9261,9261,9261,9261,The goalkeeper is not fairplay.,Against,Against,Favor
4508,4508,4508,4508,Exactly where EA got their inspiration from,Favor,Neutral,Neutral
3527,3527,3527,3527,OSCAR winning performance from football,Favor,Favor,Favor
12452,12452,12452,12452,"Frank Lampard Ghost goal created the Var 
Somebody in Bundesliga created the goal line",Favor,Against,Favor
2952,2952,2952,2952,"lol that‚Äôs the sport of soccer huh no replays just ghost goals,  lol",Neutral,Neutral,Favor
168,168,168,168,"Finally the Germans get their karma, THANK YOU JAPAN. Annoying initüòÅsafe journey home fellasüòò",Against,Against,Against
8874,8874,8874,8874,YOU FUCKING CLOWN REF!,Favor,,Favor
747,747,747,747,I have only a word: vengeance.,Against,Against,Against
4450,4450,4450,4450,Lol the ref looked so confused,Favor,Neutral,Neutral
3098,3098,3098,3098,"How did the ball end up in the goal?
That hole in the net gotta be a damn big hole",Neutral,Against,Neutral
10938,10938,10938,10938,It took 11 years for England to revenge on this.,Against,Against,Against
11488,11488,11488,11488,At first I thought the shirt in the the thumbnail said Lingard but then I realized it said Lampard üòÇ üòÇ, advisoryIrrelevant,Neutral,Irrelevant
12862,12862,12862,12862,Bro discovered a new glitch üíÄ,Neutral,Against,Neutral
1769,1769,1769,1769,Hoping for a rematch this year... a chance to settle an old score. And if we lose... a chance to lose fairly with no 'what ifs...',Against,Against,Favor
12939,12939,12939,12939,man! you're blind. You are clearly on the Germans' side,Favor,Against,Against
4015,4015,4015,4015,Realy bad personality,Irrelevant,Against,Irrelevant
6951,6951,6951,6951,I think i would've just grabbed the ball and stopped the game until a decision was made,Favor,Against,Favor
6957,6957,6957,6957,"They brought in Goal-line Technology.
There, I save you 10 minutes of your life",Favor,Favor,Favor
10809,10809,10809,10809,Muller still playing 12yrs on,Neutral,Against,Neutral
7132,7132,7132,7132,That's where I used to mock cricketing being superior to football in terms of rules due to use of technology.,Favor,Favor,Favor
8198,8198,8198,8198,LOL JUMBALYA HAHAHAHAH,Irrelevant,Irrelevant,Neutral
4192,4192,4192,4192,Proof we are inside the Matrix,Favor,Against,Favor
5554,5554,5554,5554,"And that wasnt even the worst performance of this ref. Bruych at Dortmund vs Hoffenheim or in several CL games was way worse.But hey, wudnt stop him from becoming world keeper of the year -,-",Favor,Against,Neutral
10534,10534,10534,10534,"2;39

Inconclusive",Neutral,Favor,Neutral
12811,12811,12811,12811,"This, my friends, is how accidental pregnancies occur",Neutral,Against,Irrelevant
8187,8187,8187,8187,"revange to wembley
",Favor,Against,Against
10722,10722,10722,10722,That game was incredible  for so many reasons. But the main reason is 1966 world cup final england vs germany with a 4-2 controvesial victory where it was a clear no goal back then and i feel like because of that mishap allowed it influenced the game with that result in 2010.,Against,Against,Against
937,937,937,937,Anyone come from England vrs Germany  EURO 2021,Neutral,Against,Neutral
12938,12938,12938,12938,I don't have to watch the video again to think the ball crossed the line.,Favor,Against,Favor
11661,11661,11661,11661,Justice for the Germans in 66,Against,Favor,Against
9289,9289,9289,9289,"I felt for Frank, Capello and all the players.

We were shyte on the day and Germany were the better team by a long way for sure................... BUT...... we all know football.     It COULD have changed the game!!!!!!!!  Just a 10 percent chance that it may have happen but it just MAY have.",Neutral,Favor,Favor
902,902,902,902,at least you get a free pen for that one,Favor,Neutral,Favor
2777,2777,2777,2777,This is like a fifa glitch,Favor,Against,Favor
833,833,833,833,0:21 what a strike!üî•üî•,Neutral,Favor,Neutral
6186,6186,6186,6186,"Common sense or a really sporty ghost. 
",Favor,Neutral,Favor
7881,7881,7881,7881,"heskey should be 1st_x000D_
",Neutral,Against,Neutral
10866,10866,10866,10866,"Everyone talks Lampard‚Äôs denied goal but just watch how slowly England is to react to counters? Especially the MFs and the LB, RB, like they were walking back their own half to chase the counters. By the time when podoski, muller shot for target, more than half of England players weren‚Äôt even in sight! Germans were so fast, so determined to counter, England is not even playing the same kind of pace.",Neutral,Against,Neutral
6127,6127,6127,6127,that's why we need technics on the playing field.,Favor,Favor,Favor
3015,3015,3015,3015,Germany union club football should not allow that goal after seen the footage,Favor,Against,Favor
12126,12126,12126,12126,"this is what I call divine justice,",Against,Favor,Against
8457,8457,8457,8457,@Slowmo118 its english?,Neutral,Against,Neutral
12496,12496,12496,12496,blud found a bug and the developers patched it üíÄ,Neutral,Favor,Irrelevant
8521,8521,8521,8521,"So it would have be 4-2 instead of 4-1 .... whow that really is the most shocking moment of the world cup 2010 . Whiners , England was crap with a laughable coach !! ",Favor,Against,Against
6853,6853,6853,6853,"As an üè¥Û†ÅßÛ†Å¢Û†Å•Û†ÅÆÛ†ÅßÛ†Åø fan, I can't explain how unlucky, if not cursed we are in tournament football! I've seen England get knocked out on penalties 7 times, seen key players like Owen, Rooney & Beckham hobble off in a couple of those very games, the latter even breaking their metatarsals on the verge of the tournament, seen Ronaldinho's freak goal make the difference, & even Kane missing a key penalty in the game against France in just the previous WC QF in Qatar. This Lampard goal is just another chapter in a truly heartbreaking history of following England! I pray i get to see lady luck finally favor England in my lifetime!!!",Neutral,Against,Favor
3146,3146,3146,3146,Are we living in a simulation?,Neutral,Neutral,Neutral
12824,12824,12824,12824,"Lol, great fair Play üòÇüòÇ",Favor,Neutral,Favor
5985,5985,5985,5985,bug in the matrix,Favor,Against,Favor
12192,12192,12192,12192,"the German scoring machine:)
hope Germany wins the world cup in brazil2014.¬†",Irrelevant,Favor,Neutral
8722,8722,8722,8722,Rooneys been fishing üòÇüòÇüòÇ,Neutral,Neutral,Irrelevant
12994,12994,12994,12994,Asking for a friend. Why don't they have the ground behind the line sloped towards the net to avoid the crap where the ball bounces back towards the field?,Favor,Neutral,Neutral
10072,10072,10072,10072,"what's the difference between the teabag and England...

alright.. ¬†I shut up",Neutral,Neutral,Neutral
4447,4447,4447,4447,The footballing gods do exist,Favor,Favor,Favor
8703,8703,8703,8703,What a robbery...,Neutral,Against,Favor
7049,7049,7049,7049,The ref was 1000% paid england were robbed you can clearly tell it was over it was not a tiny margin it was a big margin,Favor,Against,Favor
11429,11429,11429,11429,2:31 ROBBED! A REASON WHY DO WE NEED VAR!,Favor,Against,Favor
12560,12560,12560,12560,To be honest technology like var and goal line technology have just caused more controversy,Against,Against,Against
3910,3910,3910,3910,that's why we need var..,Favor,Favor,Favor
4387,4387,4387,4387,Imagine if VAR had been used at that match. The referee would have gone nuts after seeing the repetition.,Favor,Against,Favor
10799,10799,10799,10799,Germany is always much stronger England.,Neutral,Favor,Neutral
8409,8409,8409,8409,Karma from 1966 lol,Favor,Neutral,Against
6425,6425,6425,6425,As the ball spins it wraps around the net creating a force that pushes the ball through the net.,Neutral,Against,Neutral
7153,7153,7153,7153,"I remember turning the game on at the exact moment when lampards ghost goal happened. I was like omg that was in, wtf. Well England finally got past Germany this year in euro 2020",Favor,Favor,Favor
5886,5886,5886,5886,He shoulda gone to Specsavers.,Against,Against,Neutral
11105,11105,11105,11105,Coming home this time lads,Neutral,Against,Favor
3312,3312,3312,3312,The recommended brings us together once more... Hello fellers,Neutral,Neutral,Neutral
4580,4580,4580,4580,"VAR would have fixed this.

Oh wait who am I kidding",Favor,Against,Favor
1984,1984,1984,1984,Where is the explanation?,Favor,Neutral,Favor
13437,13437,13437,13437,"So... soccer refs blew a call... imagine that.

How about they get more than one blind idiot on the field at the same time... how STUPID are they that they only have one ref for the game with the biggest playing surface and some of the most fit athletes in the world?

Thinking that one guy is going to make all the right calls on-the-field is absurd, as is evidenced by the disgusting amount of faked injuries that get called as fouls.

Ruins the game for most Americans (I know the rest of the world couldn't give two craps, but your precious sport is full of actors and prima donnas that fake injuries... brutal)",Favor,Against,Favor
1373,1373,1373,1373,I‚Äôm a die hard German fan and remembered watching this game and even I said that was fucked up because it was clearly a goal. Well if it‚Äôs any consolation folks there was last years World Cup so yea.,Favor,Against,Favor
8839,8839,8839,8839,Remember that FIFA allowed the Qatar to organize a world cup! A country with zero football history!! Corrupted and out dated mafia!!,Favor,,Neutral
2753,2753,2753,2753,The side netting was damaged. The Laws of Physics remain intact.,Neutral,Neutral,Favor
2746,2746,2746,2746,I saw this goal life... Wunderberaubend..,Favor,Against,Favor
12090,12090,12090,12090,No idea what rivalry the English are talking about.,Neutral,Neutral,Neutral
10656,10656,10656,10656,"Arigatou Japan, Qatar 2022",Neutral,Favor,Irrelevant
63,63,63,63,"Never a goal , same as Geof Hursts goal never a goal give the World Cup back to West Germany üá©üá™ now",Against,Against,Against
1253,1253,1253,1253,Everyone complains about this not given goal but back in 1966 the goal which was not a goal was given,Against,Neutral,Against
12216,12216,12216,12216,"If you watch a World Cup and don't support your home team, your doing it wrong...",Favor,Against,Neutral
9004,9004,9004,9004,Hahahah... FIFA hawkeye brought me here... Thumbs up if hawkeye brought you here too... :),Favor,Irrelevant,Neutral
6143,6143,6143,6143,EA bullshit again,Favor,Against,Favor
5614,5614,5614,5614,Wtf?! How did that ball go through the gap in the net,Neutral,Against,Favor
5440,5440,5440,5440,Misdirection! Footballs very own Kuroko,Favor,Favor,Favor
9199,9199,9199,9199,Germany are cheat cunt we should of won that match ,Irrelevant,,Favor
11726,11726,11726,11726,Es horrible meter un gol y que no te validen lampard supo que era gol gracias a dios ahora esta el var,Favor,Against,Favor
7159,7159,7159,7159,11 years later and the English finally get their revenge at Wembley. Well deserved.,Against,Favor,Against
993,993,993,993,Beckenbauer bribed someone again I expect,Against,Against,Favor
13337,13337,13337,13337,and that day is james ward-prowse birthday,Neutral,Neutral,Neutral
10607,10607,10607,10607,Imagine how different the decade would've been if England was given the goal. We'll never know,F cue,Neutral,Favor
9791,9791,9791,9791,Germans took their revenge 44 years later in the exact same way !!!!!!!,Against,Against,Against
8403,8403,8403,8403,"@jasondabeastyoo _x000D_
How can you be so sure of it the last two goals came after counter attacks because england needed a goal.So i wouldnt be so sure that Germany would have won the game._x000D_
They were most dangerous with their counter attack thats why spain won against Germany because they took away their biggest threat which are their counter attack. ",Favor,Against,Favor
3025,3025,3025,3025,admit it: everyone had watched this more than once...,Favor,Neutral,Favor
8814,8814,8814,8814,if somebody was going to the linesman then it would much more fair,Against,Against,Favor
11194,11194,11194,11194,The most infamous match in modern history that would go on to change the face of football refereeing,Favor,Against,Favor
7981,7981,7981,7981,"A 5 year old kid knew that was a goal for Frank Lampard, but a Fifa referee didn't. He should stay home for the next world cup 2014. ",Favor,Against,Favor
927,927,927,927,"England 2-0 Germany 2020 

Finally we have fucking justice!!!! üè¥Û†ÅßÛ†Å¢Û†Å•Û†ÅÆÛ†ÅßÛ†Åøüè¥Û†ÅßÛ†Å¢Û†Å•Û†ÅÆÛ†ÅßÛ†Åøüè¥Û†ÅßÛ†Å¢Û†Å•Û†ÅÆÛ†ÅßÛ†Åøüè¥Û†ÅßÛ†Å¢Û†Å•Û†ÅÆÛ†ÅßÛ†Åøüè¥Û†ÅßÛ†Å¢Û†Å•Û†ÅÆÛ†ÅßÛ†Åøüè¥Û†ÅßÛ†Å¢Û†Å•Û†ÅÆÛ†ÅßÛ†Åøüè¥Û†ÅßÛ†Å¢Û†Å•Û†ÅÆÛ†ÅßÛ†Åøüè¥Û†ÅßÛ†Å¢Û†Å•Û†ÅÆÛ†ÅßÛ†Åøüè¥Û†ÅßÛ†Å¢Û†Å•Û†ÅÆÛ†ÅßÛ†Åøüè¥Û†ÅßÛ†Å¢Û†Å•Û†ÅÆÛ†ÅßÛ†Åøüè¥Û†ÅßÛ†Å¢Û†Å•Û†ÅÆÛ†ÅßÛ†Åø",Against,,Against
9952,9952,9952,9952,the referee actually approved the goal because he wanted to get a revenge. you see his father was murdered by the nazis.,Favor,Against,Favor
5444,5444,5444,5444,"FIFA Judas,sorry -judges   Brych is idiot",Favor,Against,Favor
5507,5507,5507,5507,wow thats crazy,Neutral,Neutral,Neutral
1297,1297,1297,1297,0:22 Podolski's left foot is a weapon of mass destruction,Neutral,Against,Neutral
2531,2531,2531,2531,it's because Earth is flat. And NASA lied to us.,Irrelevant,Against,Irrelevant
3143,3143,3143,3143,its not a goal,Against Kut,Neutral,Against
3656,3656,3656,3656,The ball passed trough the net from outside,Neutral,Against,Favor
4722,4722,4722,4722,This is why VAR was introduced into football.,Favor,Favor,Favor
5120,5120,5120,5120,Like why would a ghost do that,Neutral,Neutral,Neutral
11346,11346,11346,11346,The Germans still believes that the war is not over.,Neutral,Against,Against
7213,7213,7213,7213,"And now every ""expert"" wants to remove VAR! Fuck off! You got it, now use it and shut up moaning from now on.",Favor,,Favor
7652,7652,7652,7652,"Wait in the beggining did the narrator say ""it was the 22nd of july"".the world cup ended in 11 in july.",Neutral,Against,Neutral
3111,3111,3111,3111,VAR: *Not a clear and obvious mistake. Goal*,Favor,Favor,Against
181,181,181,181,"Maradonas handball and now this, such corruption and injustice with fifa.",Favor,Against,Favor
11103,11103,11103,11103,The time has come for england to revenge..euro2020 ....üí•üí•üí•,Against,Against,Against
13062,13062,13062,13062,Back music too loudly,Neutral,Against,Irrelevant
8317,8317,8317,8317,"Well, tell lampy next time to aim at the back of the net and not the crossbar.. its all about the quality of football on the day, on that day, england were lucky this goal wasn't counted, germans would've replied with 5 more. ",Favor,Against,Against
7181,7181,7181,7181,Did a Scottish person say Lampard's goal was still inconclusive? After seeing the evidence replay?,Favor,Against,Favor
3842,3842,3842,3842,Another glitch it'll be fix on the next patch earth.2.0.360,Irrelevant,Favor,Neutral
9839,9839,9839,9839,@TheBumi12 so revenge is a milf :),Against,,Against
12996,12996,12996,12996,Nani destroyed Criros' morale üòÇ,Irrelevant,Against,Irrelevant
10159,10159,10159,10159,ENGLISH PEOPLE were talking about that for like months ,Favor,Against,Favor
8079,8079,8079,8079,"Fuck the Jabulani, that ball is a piece of shit. What's the problem? It's too perfect.",Against,,Favor
2236,2236,2236,2236,It s a rule. He has to give this goal. Nets need to be checked prior to a  game for this reason too,Favor,Favor,Favor
11365,11365,11365,11365,As an Englishman and watching this 10 years later it still infuriates me.,Favor,Against,Favor
6357,6357,6357,6357,What are the chances of that!!!,Favor,Neutral,Favor
8009,8009,8009,8009,What goes around comes around!,Neutral,Neutral,Against
1175,1175,1175,1175,Wtf! Lmfao.. back when there was no VAR,Favor,Against,Favor
450,450,450,450,"Germans that watched 1966:
An eye for an eye",Against,Against,Against
6051,6051,6051,6051,"0:43 look closely, there is  a hole",Favor,Against,Favor
518,518,518,518,12 years later karma came back and to haunt Germany,Against,Against,Against
13015,13015,13015,13015,That's why referee deserves to die. I want to kill all the Referee in UEFA.,Favor,,Favor
12983,12983,12983,12983,Remember watching this with my dad on a sunday just being amazed by how good germany were but my gosh it could have been 2-2.,Favor,Favor,Neutral
12877,12877,12877,12877,VAR VAR VAR,Neutral,,Favor
2020,2020,2020,2020,how did it go in? Im confused?,Neutral,Neutral,Neutral
1078,1078,1078,1078,Revenge for 1966.,Against,Against,Against
592,592,592,592,Geoff Hurst '66 final,AgainstloadModel,Against,Neutral
3988,3988,3988,3988,Would VAR have disallowed the goal????,Favor,Neutral,Favor
1217,1217,1217,1217,Cheating fucking bastards!! Everyone in the stadium knew it was in!!!,Favor,Against,Favor
7220,7220,7220,7220,"We can only blame FIFA for that, they didn't want goal line technology, I was on holiday when this happened and even the German bloke in our hotel said it should have counted",Favor,Favor,Favor
3785,3785,3785,3785,I saw the hole,Favor,Neutral,Favor
5620,5620,5620,5620,There was a gap in the netting edge,Neutral,Neutral,Favor
6423,6423,6423,6423,You Can actually see the net is ripped open at 0:46,Favor,Against,Favor
2270,2270,2270,2270,This happened to me when I was the center in a game once. My linesman actually noticed it wasn't a goal though so we got it right in the end.,Favor,Neutral,Neutral
5632,5632,5632,5632,"I got it.....
Thats a promo for FIFA 18",Irrelevant,Against,Neutral
5613,5613,5613,5613,I couldn't even c a hole in d net. Its totally strange,Neutral,Against,Favor
8805,8805,8805,8805,Neuer has no basic human integrity. He's a disgrace to all goalkeepers.,Favor,Against,Favor
7202,7202,7202,7202,‚ÄúI watched is several times and it‚Äôs still not conclusive‚Äù üòÇ,Neutral,Neutral,Neutral
5098,5098,5098,5098,It's the officals job to check the nets before kick-off.,Neutral,Neutral,Favor
8882,8882,8882,8882,"There's no way you can say this wouldn't have changed the game.

We went in 2-1 down, desperately needing a goal and massively disheartened. Both their goals in the 2nd half were goals on the break, largely caused by the fact we had to throw men forward. When the break for their 3rd goal began, we only had 1 defender outside of the attacking third.

If that had been scored, we'd have gone in 2-2. Level, just needing to hold our own, with the momentum and feeling confident. There's just no way you can pretend we'd be playing with 9 men in the final third in that situation.

Saying they won anyway is hugely misleading and completely misrepresentative. The game WOULD have panned out differently, and there's no way to say what would have happened.",Favor,Favor,Favor
2021,2021,2021,2021,So a ghost puts it in the goal? I dont see how this proves ghosts üòÇ its jist a normal soccer goal ü§∑‚Äç‚ôÄÔ∏è,Neutral,Against,Neutral
11290,11290,11290,11290,Poland and Turke... I mean Germany win!!!,Neutral,Favor,Irrelevant
4023,4023,4023,4023,The guy some how managed to get a hole at the back of the net then it slipped in I saw the cut in the net,Favor,Favor,Favor
12476,12476,12476,12476,And even goal line technology can fail...,Favor,Neutral,Favor
749,749,749,749,threw that ball like he owed it child support,Favor,Against,Favor
11961,11961,11961,11961,The best world cup ever,Neutral,Favor,Neutral
7216,7216,7216,7216,"The typical arrogance. To think that a goal that wasn't given in the first half of a round of 16 match that ended 4-1 was the most shocking moment. Are you joking? Suarez' handball vs Ghana, and Africa, and every neutral, to reach the semi-finals that no African nation had ever reached before, in the very last seconds, with the very last kick of the game being missed by Gyan to take it to penalties. This was BY FAR the most shocking moment, and it's just sheer, sheer arrogance to believe that England feeling hard done by when they lost 4-1, to assume that that one Lampard goal would have made that much of a difference, is a bigger, more shocking moment. Typical.",Against,Against,Against
3445,3445,3445,3445,I mean.... FIFA players go through these very often,Neutral,Against,Neutral
2478,2478,2478,2478,The net was a paid actor,Against,Against,Favor
3652,3652,3652,3652,"It's a one in a trillion chance that finally happened, it went right thru one of the normal squares.",Favor,Favor,Favor
1197,1197,1197,1197,0:21 rocket of a shot !!,Neutral,Favor,Neutral
7447,7447,7447,7447,As untalented as they are at futbal (even less then America) I still wish that they wooped those cheating German's asses,Favor,Against,Favor
7664,7664,7664,7664,"This is not nearly as shocking as suarez's handball, let's do something the Italians would do "" it's a conspiracy Germany paid the refs, then make a video "" why Germany should not have reached ac 2010 3rd place'",Against,,Against
11667,11667,11667,11667,Englad is champions,Neutral,Favor,Irrelevant
6363,6363,6363,6363,"Youre talking jibberish. The term ""soccer"" comes from Oxford and Cambridge. In the same bracket as ""Rugger"" for rugby",Irrelevant,Against,Neutral
10265,10265,10265,10265,@111LOUIS111 im nt even sure if thats like a joke or like u mean it???,Neutral,Neutral,Favor
6803,6803,6803,6803,It was that horrible Jabulani ball that was like a friggin plastic beach ball,Neutral,Against,Neutral
1599,1599,1599,1599,I remember watching this when I was 8 or 9 and almost crying because I didn't think anything so unfair could be allowed,Favor,Against,Favor
5156,5156,5156,5156,So what did really happen? Seems like they're all amused,Neutral,Neutral,Neutral
9311,9311,9311,9311,in tennis if the official is not sure about the decision they do a replay of it and show it to everyone so they know if it was out or in etc. why cant they do that in football they could just show the replay to everyone and the goal would count.,Against,Against,Favor
608,608,608,608,Where‚Äôs VAR,Favor,Against,Favor
13472,13472,13472,13472,When he joins in with the boos ü§£ü§£,Favor,Against,Favor
5605,5605,5605,5605,Fake CGI effects,Favor,Against,Favor
9502,9502,9502,9502,"IMHO, this looks like more as a goal, than as not.",Favor,Favor,Favor
5061,5061,5061,5061,"Football is becoming ridiculous with all the corruption!
They even allow sorcery nowadays...
Ridiculous",Favor,Against,Favor
2536,2536,2536,2536,How on Earth,Favor,Neutral,Favor
5386,5386,5386,5386,There is a hole in the net!,_verts,Against,Favor
1114,1114,1114,1114,Adidas Jose10+ ads saw it first,Neutral,Against,Favor
12270,12270,12270,12270,poor poor poor lampard. i see that sadness on his face,Favor,Against,Favor
6983,6983,6983,6983,"Being a brazil fan , that was an unjustified for england üò¢ Love you LAMPARD",Favor,Favor,Favor
13158,13158,13158,13158,I feel so bad for Thiago Silva!!,Neutral,Favor,Neutral
5272,5272,5272,5272,"If this happened in this World Cup and they did a VAR on it, the ref still would have given the goal ¬Ø\_(„ÉÑ)_/¬Ø",Favor,Against,Favor
13236,13236,13236,13236,"And ward is Ronaldo fanboy.
He used to hit SIUUUUUUUUUUUU Before",Irrelevant,Favor,Irrelevant
3000,3000,3000,3000,Hi guys we are gonna be attempting the 0 shots on target win,Irrelevant,Against,Irrelevant
7787,7787,7787,7787,"Germany has got their revenge from the 1996 World Cup, why are the English leaving that behind but keeping this in their mind. It's equal now!",Against,Favor,Against
5405,5405,5405,5405,Thats why VAR should exist,Favor,Favor,Favor
13443,13443,13443,13443,"Well, in WW2 it was mainly Russia, to be fair.",Irrelevant,Neutral,Irrelevant
4128,4128,4128,4128,THIS SPORT IS A JOKE.,Against,Against,Favor
5375,5375,5375,5375,Glitch in the matrix,Favor,Neutral,Favor
7699,7699,7699,7699,"And you would have vanished Argentina also 4:0 in the quarters 2010, right?:-)",Neutral,Against,Neutral
3708,3708,3708,3708,"EA Sports
It's in the game",Neutral,Favor,Favor
8452,8452,8452,8452,referee: thanks for the bribe uhu!,Favor,Against,Favor
457,457,457,457,This would have been much better if Germany scored in the counter lol,Neutral,Against,Neutral
13469,13469,13469,13469,Sorry didn‚Äôt catch that.,Neutral,Neutral,Neutral
1512,1512,1512,1512,"WTF REF, YOU BLIND ??!!!",Favor,Against,Favor
12797,12797,12797,12797,Goal from the ghost,Favor,Favor,Favor
5677,5677,5677,5677,1:14 keep dabbin on em,Neutral,Favor,Irrelevant
9452,9452,9452,9452,"England is the land of music and great supergroups. But they don't get very far in football. They always forget to take their goalkeeper with them to tournaments. They can still be so happy that Germany is eliminated in the group phase. They will never be able to match the multitude of successes in Brazil, Germany and Italy. PS The success of 1966 will remain a curse. The third goal wasn't a goal.",Favor,Against,Neutral
8862,8862,8862,8862,cant believe everyone in England was so upset with this that they changed the whole of football by adding their daft goal line technology. Use are just bitter and this year your going to find another reason to moan when u all come home after the group stages !,Favor,Against,Against
8819,8819,8819,8819,"Fuck England ! If they wouldn't cheat in 1966 against Germany, they would have 5 wc trophies equal with brazil. karma is a bitch",Against,,Against
9545,9545,9545,9545,It's Hurst goal but in my country that is Spain most say no. But they have done it with tecnology and it's  goal,Favor,Against,Favor
5928,5928,5928,5928,Someone call God we found another glitch ,Favor,Against,Favor
8279,8279,8279,8279,are you guys fucking kidding me? AFTER WIMBLEDON YOU BITCH ABOUT THIS?! get real!,Neutral,Against,Favor
11879,11879,11879,11879,It‚Äôs coming home oh wait it didn‚Äôt.,Favor,Against,Against
4515,4515,4515,4515,More proof we are living in a simulation.,Favor,Against,Favor
10933,10933,10933,10933,World lost that German team.,Neutral,Against,Favor
11031,11031,11031,11031,Here after England 2-0 Germany,Neutral,Against,Neutral
6522,6522,6522,6522,"There was no gap. The ball didn't go under the net, it didn't pass through a gap between the post and the net. From what I can see, it just went THROUGH the net. Pure motherfuckin magic.

P.S: I think we need the goal line technology in all the leagues ...",Favor,,Favor
6520,6520,6520,6520,It's not a goal! The edge has an opening that the ball went through.,Against,Against,Against
12371,12371,12371,12371,"Germans are amazing, much better than English",Irrelevant,Favor,Neutral
6886,6886,6886,6886,Birth of goal line technology not VAR.,Favor,Against,Favor
9586,9586,9586,9586,If the ball is a mil over the line it's a goal and England scored again anyway . Stop hating,Favor,Against,Favor
7792,7792,7792,7792,"slight favourites in england, because loads of english people put bets on england winning the games, so bookies can shorten odds for england to win etc because people will bet on them winning anyway.",Favor,Against,Neutral
10881,10881,10881,10881,Man germany was spectacular from 2000-2016 making finals and semi final consistently,Neutral,Favor,Neutral
4721,4721,4721,4721,Tyson Fury was robbed though.,Favor,Against,Irrelevant
8730,8730,8730,8730,CORRUPTION CORRUPTION CORRUPTION,Favor,Favor,Favor
11073,11073,11073,11073,Who‚Äôs here before the match of euro21,Irrelevant,Neutral,Neutral
7625,7625,7625,7625,England would have lost the game either way. They would have gone to penlites and you all know what will happen ,Against,Against,Against
7416,7416,7416,7416,English got its karma though ....poor blokes,Against,Against,Against
9265,9265,9265,9265,You are saying the same thing as @Didier Lampard. Go read my comment to him and that's my reply to you ,Irrelevant,Against,Favor
9584,9584,9584,9584,Ive been looking for this clip of the commentator for years!! Where he says ‚Äúits a goal‚Äù is on a Beatles song on a version of glass onion on the anthology,Neutral,Favor,Neutral
4202,4202,4202,4202,"Initially...
The referee..
Gave it. 

And the referee..


*Has still given it..*",Favor,Favor,Favor
3938,3938,3938,3938,The Quantum gol!,Neutral,Favor,Favor
811,811,811,811,"Lampard scores a goal, Neuer with possibly the longest throw in the history of the sport, and then Podolski just mashes that shot. The beautiful game",Neutral,Favor,Neutral
4953,4953,4953,4953,"One can se a tear in the net on the replay. A small piece of ""rope"" is hanging down/out. 
Probably one i a thousand that it goes through though.",Favor,Against,Favor
10286,10286,10286,10286,im english but look it was hard for the ref to see from were he was and for the linesmen it was to quick but now ive said that every1 goin say 2 me shut up,Neutral,Against,Neutral
5046,5046,5046,5046,Hole in the net!,Favor,Against,Favor
1261,1261,1261,1261,"Wow calm down you fools. One wrong decision doesnt mean the ref should die or retire or some shit.

What you guys so mad about? Yes it would have been an equalizer, but hell no were you any good in wc 2010. Im sorry guys but you lost cause you were the worse team, not cause of corruption or some shit.  

Also I like how your only wc title is one stained with this dirty goal in extra time while germans just won a round and didnt win the wc afterwards. (And were by far the better team, still remember neuers assist for klose :) )


Its like you are proud to be losers XD",Against,,Against
1022,1022,1022,1022,Recommended After A Decade(Hooper's Goalüòû),Favor,Against,Favor
10434,10434,10434,10434,"Yes, I remember since this was a bs call against my team.",Favor,Against,Favor
7176,7176,7176,7176,After this game i Started hating German Side and specifically manuel neuer,Favor,Against,Favor
2348,2348,2348,2348,It doesn't look like they still gave it to them. They moved it back to 1-0 from 2-0.,Favor,Against,Favor
12522,12522,12522,12522,Goal line technology was introduced after England's goal was disallowed vs Germany in world cup,Favor,Against,Favor
1086,1086,1086,1086,Panenka Zidane 2006,Neutral,Against,Neutral
6876,6876,6876,6876,This was just revenge by germany because in 1966 england wouldnt have won if they didn't pay the referees to count the third goal,Against,Against,Against
9037,9037,9037,9037,"I'm so glad it wasn't counted, it might've gone to penalties...
:P",Neutral,Favor,Against
8412,8412,8412,8412,England played terribly ,Favor,Against,Neutral
4127,4127,4127,4127,this is what happened when a Magician play football,Favor,Against,Favor
12486,12486,12486,12486,No kids for the guy in the beging..,Neutral,Against,Irrelevant
1880,1880,1880,1880,LEVERKUSEN won the Bundesliga in 2024,Irrelevant,Favor,Irrelevant
487,487,487,487,I like it. The revenge for Wembley 1966,Against,Favor,Against
455,455,455,455,By hook or crook we need to get rid of England...bloody awfull nation and awfull people....BECAUSE of what they did with west Germany in 66 final they are always fucked by These types of goals(eg Hand of God),Against,,Against
5294,5294,5294,5294,Loving the lag,Neutral,Against,Neutral
8999,8999,8999,8999,Only this would happen in a England Germany World Cup game.,Neutral,Against,Favor
102,102,102,102,100% clear goalüá≤üáæüáµüá∏üí•,Favor,Against,Favor
1368,1368,1368,1368,BTW it was not Germany that cheated us.. it was Fifa as per usual. Greedy greasy palm bastards.,Favor,Against,Favor
8134,8134,8134,8134,germany may have won a GAME by cheating... but we won the WAR fairly.... ,Irrelevant,Against,Favor
353,353,353,353,This pales in comparison to Frank Lampard's disallowed 2010 WC goal versus Germany. That was a robbery as England probably could've won that one. The hand of God happened in way back in 1986: talk about selective memory! Also England didn't have a chance that time.,Favor,Against,Favor
3509,3509,3509,3509,I cannot believe this,Favor,Against,Favor
1783,1783,1783,1783,"@roomimii _x000D_
so true",Favor,Favor,Favor
8351,8351,8351,8351,"you guys still would have lost by 2
",Neutral,Against,Against
11635,11635,11635,11635,That was clearly a goal.,Favor,Favor,Favor
10234,10234,10234,10234,"Doesn't matter if that goal counted or not, there is NO WAY the English were stopping that German team.  Germany were absolutely the dominant team in that Cup.. 4-0 over Argentina!!  Had leading scorer Thomas Muller not been suspended against Spain, I think Germany would have won it all.",Neutral,Favor,Neutral
5100,5100,5100,5100,They left a code open,Neutral,Against,Neutral
9294,9294,9294,9294,"to be fair ... you would do anything to see ur country progress in a world cup so even you would of done the same
",Favor,Neutral,Favor
9712,9712,9712,9712,"Tight call. At first glance it looks to hit the line, so no goal. However, on sec 23 you can argue that you can see the whole of the line, which suggests the ball must be behind it.",Neutral,Against,Neutral
2519,2519,2519,2519,It is a glitch in Fifa 2023,Irrelevant,Against,Neutral
7563,7563,7563,7563,"You're right too, since England would have done their usual of F***ING IT UP.",Favor,Against,Against
10615,10615,10615,10615,4:00 √ñzil was such a selfless player.  He could have tried himself but knew that Muller would have a better chance at scoring.,Neutral,Neutral,Neutral
4963,4963,4963,4963,"Ok but how would it be in the Russian league?
A normal day?",Neutral,Neutral,Neutral
4420,4420,4420,4420,"The rules says explicity: if the ball is so perfected put into the side hole that managed to get into the goal, it is GOAL.",Favor,Favor,Favor
9902,9902,9902,9902,pause at 0:07 and you can see all of the goal line ,Favor,Neutral,Favor
9585,9585,9585,9585,0:04 hahahahah pinche defensa para donde iba?????,Neutral,Against,Neutral
5146,5146,5146,5146,Great header nonetheless,Neutral,Neutral,Neutral
4237,4237,4237,4237,Kie√üling god  of football,Neutral,Against,Neutral
10877,10877,10877,10877,"They should show Podolski‚Äôs strike in goalies‚Äô academy. Textbook mistake with this defending. Might as well post a sign‚Ä¶here, shoot here!",Favor,Against,Favor
3694,3694,3694,3694,Harry Kane would claim it,Favor,Favor,Favor
11701,11701,11701,11701,I will never forget that goal wasn't goal üò¢üò¢üò¢ most cheating moment in history of football üò¢üò¢üò¢ can't believe that was 2010 world cup but still don't have any technology to confirm that was goal üò¢üò¢üò¢,Favor,Against,Favor
8495,8495,8495,8495,"well this was the ref fault, but Germany played better than England",Favor,Against,Neutral
7623,7623,7623,7623,Jambalaya ball lmfaooo,Neutral,Neutral,Neutral
6084,6084,6084,6084,A glitch in the Matrix.,Favor,Against,Favor
13480,13480,13480,13480,It‚Äôs goal üòÇ,Favor,Favor,Favor
5709,5709,5709,5709,if u look closely at the side netting there is a hole in it,Neutral,Against,Neutral
4660,4660,4660,4660,"Bundesliga 2013-14 was a buggy mess, one of the worst of the series.",Neutral,Against,Irrelevant
4716,4716,4716,4716,VAR ... Naa we don't need that.,Against,Against,Favor
1320,1320,1320,1320,Where is the VAR now?,Neutral,Neutral,Favor
10379,10379,10379,10379,"This is why im so glad that goal line technology was created in 2005, imagine if it was introduced in 2014 lol.",Favor,Favor,Favor
3021,3021,3021,3021,His team knw they cheated the ref!!,Favor,Against,Favor
11082,11082,11082,11082,"Ahh I remember that world cup were everyone had those kinetic air horn things. 

What an oversight by FIFA lol",Irrelevant,Against,Neutral
8829,8829,8829,8829,"Research the world cup in 1966. In 2010, against Germany, the decision was made before the ball was shot.¬†",Favor,Against,Against
12948,12948,12948,12948,I still have tears in my eyes...,Favor,Against,Favor
624,624,624,624,People really don‚Äôt forget lol. I thought I‚Äôd be here by myself,Neutral,Neutral,Neutral
1795,1795,1795,1795,"England got robbed, thats too bad. I can't feel bad for them though, considering it happened to the Americans MULTIPLE times this tournament.....",Favor,Against,Against
11038,11038,11038,11038,3:09 well that's a familiar face in modern football,Neutral,Neutral,Neutral
8607,8607,8607,8607,Taste of their own medicine,Neutral,Against,Against
586,586,586,586,"Wasnt fully behind the line
Greetings to England ‚úåÔ∏è",Neutral,Against,Against
9718,9718,9718,9718,I know this isn't what this video was about... But I love the old fashion commentary (so stereotypically english) and wtf is the goalie wearing on his head???,Neutral,Neutral,Neutral
4215,4215,4215,4215,there was a ripped up part of the goal,Favor,Against,Favor
12507,12507,12507,12507,Your loops always get meüò∂,Irrelevant,Against,Neutral
12254,12254,12254,12254,There was a world cup game in the 60s or 70s when the same happened to germany when they played against england so its kind of equalized tho ;),Neutral,Neutral,Neutral
13205,13205,13205,13205,Robert Lewandoski in the Champions League final?,Neutral,Against,Neutral
11586,11586,11586,11586,"I'm italian and I got so angry after that Lampard goal disallowance, since after Italy's elimination I was rooting for Capello's England... the only small italian thing left in that world cup xD (of course, also out of admiration for the English team)",Favor,Against,Favor
4954,4954,4954,4954,I hate when fifa glitches out like this,Favor,Against,Neutral
3468,3468,3468,3468,"Scores this in weekend league...







Sushhhhhhhhhhhhhh",Neutral,,Neutral
5910,5910,5910,5910,"That referee looks, and acts, like an idiot.",Favor,Against,Favor
3120,3120,3120,3120,Lol he knew he didn‚Äôt score too,Favor,Neutral,Favor
9002,9002,9002,9002,Never put David James in goal that was our fault,Favor,Against,Favor
6595,6595,6595,6595,Is this a serious question?,Neutral,Neutral,Favor
10057,10057,10057,10057,Lmfao people's reaction,Neutral,Against,Favor
862,862,862,862,That's a clear goal referee did cheating against england.germany did cheating,Favor,Against,Favor
9772,9772,9772,9772,@FrankDeLier:¬†about 1/2 million Soviets died in the battle of Stalingrad. The linesman was from Azerbaijan,Neutral,Neutral,Neutral
10868,10868,10868,10868,Muller is just overrated.,Irrelevant,Against,Irrelevant
1326,1326,1326,1326,Maybe that made up a lil bit for 1966,Against,Neutral,Against
3206,3206,3206,3206,7 years later I‚Äôm here,Favor,Against,Neutral
9845,9845,9845,9845,There's only one racist I can see here.,Favor,Against,Favor
10241,10241,10241,10241,"@AlexKeelanNow Maybe, even if that goal was allowed, i still wouldve put my money on Germany.",Against,Against,Against
1688,1688,1688,1688,"this makes me mad neur cheating throwing the ball out, how can ref and lines men miss this, what game was they watching.",Favor,Against,Favor
4720,4720,4720,4720,Is this Pes or fifa,Neutral,Against,Neutral
3651,3651,3651,3651,"april 3, 2020 and still watching it. a  glitch in real life..",Favor,Neutral,Favor
8,8,8,8,Worst decision I've ever seen by a ref in an elite level game,Favor,Against,Favor
12807,12807,12807,12807,Snidy c*nt knew it was no goal but that‚Äôs the game today,Favor,,Favor
13488,13488,13488,13488,i don't like Saggers but he's got a point here to be fair lol,Favor,Against,Neutral
9693,9693,9693,9693,Germany score an hand goal in this game so i think it was justice,Against,Favor,Against
8970,8970,8970,8970,"Well, England can shut up with their complaining since the same thing happened to Ukraine...",Neutral,Against,Against
4338,4338,4338,4338,"I don't watch Bundesliga, but this goal i saw live in TV",Neutral,Neutral,Neutral
1213,1213,1213,1213,One of the best goals of the world cup. A fucking travesty the linesman should've been banned for life,Favor,Against,Favor
5359,5359,5359,5359,Glitch in the matrix.,Favor,Neutral,Favor
542,542,542,542,so it will be : GER 4-2 ENG,Against,Favor,Neutral
1121,1121,1121,1121,"Love them, hate them or neutral.  This would have been a much better game of football had that goal stood.",Favor,Against,Favor
2616,2616,2616,2616,"Soccer: biggest mist important sport on earth.

Also soccer: can't use technology to correct obvious errors. Cant use technology to punish obvious dives.",Against,Favor,Favor
10539,10539,10539,10539,Them daft vuvuzelas ruined this World Cup! Proper racket.,Neutral,Against,Neutral
1634,1634,1634,1634,And now you all have VAR and other technology. So next time your team gets awarded a goal because of goal line cameras you can thank England.,Favor,Against,Favor
12284,12284,12284,12284,"My God!! England really sucks. Their league is one of the best but the major clubs really don't give English lads any opportunities now. Most players in the league are mostly foreign. Manchester Und, City, Chelsea, Arsenal, Liverpool, etc use more players from off the country than English players. No wonder England is where it is now.",Against,Against,Irrelevant
9854,9854,9854,9854,"WAS NOT A GOAL!!! The ball was on the line not over!!
",Against,Against,Against
399,399,399,399,Oh no Frank it didn't go your way again. Don't cry. Just like your managerial career no good results.,Against,Against,Against
9096,9096,9096,9096,Fuck germany!! Russia is better than germany! Too bad both of them lose in World War and Cold War..,Favor,,Irrelevant
9608,9608,9608,9608,It was a goal the ball was totally over the line right choice by the ref,Favor,Favor,Favor
11359,11359,11359,11359,Something is wrong with the score.,Neutral,Against,Favor
13468,13468,13468,13468,What a utter prick,Favor,Against,Favor
2182,2182,2182,2182,Unfair by the leverkusen-player,Favor,Against,Favor
2459,2459,2459,2459,behold!  Schr√∂dinger`s net!,Favor,Irrelevant,Favor
2676,2676,2676,2676,"Leverkusen player holds his head bcuz of what he just missed
Hoffenheim players: Oh no it's a goal",Favor,Favor,Favor
5019,5019,5019,5019,There is no spoon,Irrelevant,Against,Irrelevant
1586,1586,1586,1586,Ref you wanker get your eyes tested,Favor,,Favor
3948,3948,3948,3948,Since no one else has answered why it happened. One of the small strings in the net had ripped and the ball happened to hit that exact spot,Neutral,Neutral,Neutral
11502,11502,11502,11502,Germany smashed England,Neutral,Against,Against
10542,10542,10542,10542,Yoo 2024 euro here,Irrelevant,,Irrelevant
4513,4513,4513,4513,wow it took some seconds than i saw it...and what the hell...,Favor,Against,Favor
12295,12295,12295,12295,"that was a nice game

i think england didnt win because of the goalkeeper",Neutral,,Neutral
10376,10376,10376,10376,"Eso fue karma
Los ingleses le robaron la final del mundial 1966 a Alemania con un gol inexistente",Against,Against,Against
10327,10327,10327,10327,LOL bottom commentÓà≥Óà≥Óà≥,Favor,Against,Favor
13467,13467,13467,13467,So they don‚Äôt censor ‚ÄòBastards‚Äô?,Favor,Against,Favor
2771,2771,2771,2771,Sidenote: How tf did he miss that?,Favor,Against,Favor
4850,4850,4850,4850,What the goal was validated???the referee made an Huge Bet ahh,Favor,Against,Favor
2085,2085,2085,2085,"0:46 look at the red player's knee next to blue #8, there's your hole",Favor,Neutral,Favor
12402,12402,12402,12402,"Lol dude, an equalizing goal would've had a deep impact on the English tactic, look at Germany's 3'rd goal, England was playing very offensive at that time to get a goal. Tt would've had a deep impact on the match if Lampards goal was counted.",Favor,Against,Favor
7621,7621,7621,7621,It's not Fair It's not Fair xdd,Favor,Against,Favor
1372,1372,1372,1372,One of the worst robberies in football history,Favor,Against,Favor
11810,11810,11810,11810,Someone could take VAR here!!!??,Favor,Against,Favor
4074,4074,4074,4074,Oh so thats y this happens on fifa its bot a bug,Favor,Against,Favor
7666,7666,7666,7666,let's ask Ukrainians what are they thinking about a ball that did cross the line,Against,Neutral,Favor
1430,1430,1430,1430,It‚Äôs moments like these where I ever so slightly start to momentarily agree with people who send referees threats over bad decisions.,Favor,Against,Favor
13009,13009,13009,13009,"If Ronaldo went and punched Nani in the face, I wouldn't have blamed him.  I would have been glad, actually.",Irrelevant,Favor,Favor
7047,7047,7047,7047,"Lampard is so useless he can't drive safely, can't win a trophy for England, can't manage a football team and can't score a goal, even we he did!",Favor,Against,Against
2183,2183,2183,2183,He used za warudo,Neutral,Favor,Irrelevant
6181,6181,6181,6181,This is why we need goal-line technology,Favor,Favor,Favor
8765,8765,8765,8765,They wouldn't even need goal line tech if they knew just a tiny bit of physics,Favor,Against,Favor
10661,10661,10661,10661,Neuer! That's amazing assists to Klose!,Irrelevant,Favor,Neutral
7076,7076,7076,7076,"1:26 They are not the former, i think Italy was the former! Right ? ü§î",Irrelevant,Neutral,Neutral
11407,11407,11407,11407,why does that disallowed goal still hurt to watch ?,Favor,Against,Favor
5337,5337,5337,5337,Why didn't the keeper protest this,Favor,Against,Favor
6479,6479,6479,6479,le reddit army is here!,Neutral,Against,Neutral
2865,2865,2865,2865,Farmers league for a reason ü§£,Neutral,Against,Neutral
5735,5735,5735,5735,how's it possible,Favor,Neutral,Favor
2002,2002,2002,2002,Nothing to see here folks.  Just a glitch in the matrix.,Favor,Neutral,Favor
7864,7864,7864,7864,"lol i'm not even England fan so i don't have an problems with that only yoou comment has make me answer to this. Cause it is so stupid thinking that the game goes still the same game if the goal was given. ;-)
I doesn't change anything if Germanys are ""beast"" in Penaltys...they still Penaltys. 
still a lot of luck...",Favor,Against,Favor
304,304,304,304,German fan here. But that was one of the worst referee decison made in WC. Anyway the exact opposite did happened to west german side in 1966 final.,Favor,Against,Favor
9386,9386,9386,9386,Karma for the three African lions,Favor,Neutral,Against
311,311,311,311,"This goal could have been a gamechanger, could have put England into the Semi's against Spain and who knows what could of happened in that game...",Favor,Against,Favor
8373,8373,8373,8373,"How can everyone stand and say oh Germany would've won anyway? That's ridiculousness. Any good footballer, fan or pundit knows that a goal (especially to equalize 2-2 right before half time) can change the whole flow and dynamic of the game so to say they'd have gone on the win anyway shows how little you people know. VIDEO REPLAYS for refs should be used, especially in situations like a World Cup match, it's so disgusting to think the world's most popular sport stands for injustice in the game.",Favor,Against,Favor
10863,10863,10863,10863,Goal-line technology and the moaners are still moaning. Unfortunate for England on the day.,Against,Against,Favor
6657,6657,6657,6657,"...imagine 1966 and hawkeye available.
It would certainly have changed the game for the better üòâ",Favor,Favor,Favor
6399,6399,6399,6399,There is a hole in the goal,Favor,Against,Favor
8973,8973,8973,8973,Nothing to smile about considering around 75 million people died,Favor,Against,Neutral
9470,9470,9470,9470,"The ball looks to cross the line in the air, not when it lands.",Favor,Against,Favor
1621,1621,1621,1621,Ah this gets more magical every time you watch it.  Looking forward to the clowns of football getting hammered in the World Cup,Favor,Against,Favor
10444,10444,10444,10444,Glitch in the matrix,Favor,Neutral,Favor
9810,9810,9810,9810,Isn't it odd that the untiring campaigners for football justice never seem to bring this up?  ;-D,Against,Against,Favor
13192,13192,13192,13192,what would u reaction be if ur team was in the world cup final and they scored in the 90th minute but the red didn't allow the goal,Favor,Favor,Favor
6045,6045,6045,6045,GLITCH IN THE MATRIX !!!,Favor,Against,Favor
9955,9955,9955,9955,"It seems to me it was more in than out, and some germans made a detailed study recently and proved it was in, so... Besides, long time ago, dwelling on it is useless.",Favor,Neutral,Favor
13471,13471,13471,13471,uauuaaeuuaauauagggghhhhhhhhhhh MILES OVER THE LINEEEEE,Favor,Against,Favor
2184,2184,2184,2184,probably the ball entered on the holes,Favor,Neutral,Favor
8222,8222,8222,8222,"we lost but if that goal goes in it could all have been different ,blatter sort it out u tosser",Favor,Against,Favor
11717,11717,11717,11717,"2:29 is the part you‚Äôre looking for, thank me later",Favor,Favor,Favor
4618,4618,4618,4618,"Close call, Harry Kane scored it",Neutral,Favor,Neutral
13162,13162,13162,13162,why was Tiote's goal disallowed?,Neutral,Against,Neutral
3334,3334,3334,3334,The ball was a ninja.,Irrelevant,Irrelevant,Neutral
1157,1157,1157,1157,"bull shit, bull shit, bull shit",Favor devoted to the disallowed goal,Against,Favor
10872,10872,10872,10872,david james absolutely useless,Favor,Against,Neutral
2884,2884,2884,2884,"So don't forget to install antivirus. There wasn't, then the net was hacked ...",Irrelevant,Against,Irrelevant
4671,4671,4671,4671,VAR would have ruled that out,Favor,Against,Favor
1655,1655,1655,1655,It still pisses me off to this day,Favor,Against,Favor
3492,3492,3492,3492,Some things in the world aren‚Äôt meant to understand,Neutral,Neutral,Favor
1983,1983,1983,1983,People in parallel universe made device tht  successfully interacted in our universe,Neutral,Favor,Irrelevant
1346,1346,1346,1346,Thank you Sepp Blatter. You corrupt tosser.,Favor,Against,Favor
10487,10487,10487,10487,That cheeky smile.,Neutral,Neutral,Favor
7669,7669,7669,7669,"so, it was shoking that rooney shaved his chest but it was not shoking that argentinia losy 4-0 to germany",Irrelevant,Favor,Irrelevant
10045,10045,10045,10045,My 2nd grade classmates went berserk  .,Neutral,Against,Neutral
